[
    {
        "name": "应用边界",
        "url": "https://framagit.org/duomv/duo/-/raw/main/txt/v.txt&&&https://v.api.aa1.cn/api/pc-girl_bz/index.php?wpon=ro38d57y8rhuwur3788y3rd"
    },
    {
        "name": "Ray0直播",
        "url": "https://ghproxy.com/https://raw.githubusercontent.com/dxawi/0/main/tvlive.txt&&&https://www.yydsys.top/box/picture/cloud.jpg"
    },
    {
        "name": "俊于直播",
        "url": "http://home.jundie.top:81/Cat/tv/live.txt&&&https://www.yydsys.top/box/picture/zb.png"
    }
]